,stop,peak,error,sharpe,apr,acc,exp
0,15.0,5.0,2.0,2.503546112473157,18.2367378815671,40.0,5.0607619047619234
