,train,test,sharpe,apr,acc,exp
0,1500.0,500.0,0.5002703285083845,9.025361520506415,51.578947368421055,2.4936842105263874
1,1500.0,750.0,0.29021464059857405,3.846958368045028,53.84615384615385,1.3336538461538912
