,train,test,sharpe,apr,accuracy,expectancy
0,1000.0,500.0,-0.2585154677239651,-9.003041211852757,48.04177545691906,-0.6892950391644537
1,1000.0,750.0,0.6595553156853603,8.365251634814651,50.83932853717026,1.7167865707434609
